{
    "name": "rocm-ninodes",
    "display_name": "RocM Ninodes",
    "description": "ROCM Optimized Nodes for ComfyUI - High-performance VAE decode and sampling nodes specifically tuned for AMD GPUs with ROCm support",
    "version": "1.0.4",
    "author": "iGavroche",
    "author_email": "nino2k@proton.me",
    "repository": "https://github.com/iGavroche/rocm-ninodes",
    "license": "MIT",
    "nodes": [
        "ROCMOptimizedVAEDecode",
        "ROCMOptimizedVAEDecodeTiled", 
        "ROCMVAEPerformanceMonitor",
        "ROCMOptimizedKSampler",
        "ROCMOptimizedKSamplerAdvanced",
        "ROCMSamplerPerformanceMonitor"
    ],
    "dependencies": [
        "numpy>=1.20.0",
        "Pillow>=8.0.0"
    ],
    "comfyui_version": ">=1.0.0"
}
